size,instance,expansions_misplaced,expansions_manhattan,ratio_man_over_mis,manhattan_no_worse
4,0,4,4,1.0000,True
4,1,4,4,1.0000,True
4,2,5,4,0.8000,True
4,3,4,4,1.0000,True
4,4,4,4,1.0000,True
4,5,4,4,1.0000,True
4,6,4,4,1.0000,True
4,7,4,4,1.0000,True
4,8,4,4,1.0000,True
4,9,4,4,1.0000,True
8,0,16,11,0.6875,True
8,1,8,8,1.0000,True
8,2,18,12,0.6667,True
8,3,26,12,0.4615,True
8,4,15,11,0.7333,True
8,5,15,10,0.6667,True
8,6,15,10,0.6667,True
8,7,24,15,0.6250,True
8,8,18,12,0.6667,True
8,9,24,17,0.7083,True
12,0,110,28,0.2545,True
12,1,73,12,0.1644,True
12,2,75,23,0.3067,True
12,3,82,35,0.4268,True
12,4,107,48,0.4486,True
12,5,102,27,0.2647,True
12,6,108,64,0.5926,True
12,7,105,47,0.4476,True
12,8,100,44,0.4400,True
12,9,104,45,0.4327,True
16,0,685,169,0.2467,True
16,1,477,57,0.1195,True
16,2,633,192,0.3033,True
16,3,682,151,0.2214,True
16,4,608,184,0.3026,True
16,5,483,91,0.1884,True
16,6,536,128,0.2388,True
16,7,516,99,0.1919,True
16,8,566,129,0.2279,True
16,9,529,116,0.2193,True
