domain,size,instance,factor,optimal_cost,admissible_cost,inadmissible_cost,admissible_expansions,inadmissible_expansions,speedup_expansions,speedup_seconds,cost_gap_vs_optimum,length_gap,suboptimal
puzzle,4,0,3,4,4,4,4,4,1.0000,1.1316,0,0,False
puzzle,4,1,3,4,4,4,4,4,1.0000,1.0000,0,0,False
puzzle,4,2,3,4,4,4,4,4,1.0000,0.9535,0,0,False
puzzle,4,3,3,4,4,4,4,4,1.0000,1.0256,0,0,False
puzzle,4,4,3,4,4,4,4,4,1.0000,1.0270,0,0,False
puzzle,4,5,3,4,4,4,4,4,1.0000,1.0000,0,0,False
puzzle,4,6,3,4,4,4,4,4,1.0000,1.0000,0,0,False
puzzle,4,7,3,4,4,4,4,4,1.0000,1.0286,0,0,False
puzzle,4,8,3,4,4,4,4,4,1.0000,1.1053,0,0,False
puzzle,4,9,3,4,4,4,4,4,1.0000,1.0270,0,0,False
puzzle,8,0,3,8,8,8,11,11,1.0000,1.0000,0,0,False
puzzle,8,1,3,8,8,8,8,8,1.0000,1.0820,0,0,False
puzzle,8,2,3,8,8,8,12,17,0.7059,0.9174,0,0,False
puzzle,8,3,3,8,8,8,12,12,1.0000,3.2386,0,0,False
puzzle,8,4,3,8,8,8,11,10,1.1000,1.0610,0,0,False
puzzle,8,5,3,8,8,8,10,8,1.2500,1.2500,0,0,False
puzzle,8,6,3,8,8,8,10,8,1.2500,1.1875,0,0,False
puzzle,8,7,3,8,8,8,15,14,1.0714,1.1176,0,0,False
puzzle,8,8,3,8,8,8,12,17,0.7059,0.7459,0,0,False
puzzle,8,9,3,8,8,8,17,10,1.7000,1.6533,0,0,False
puzzle,12,0,3,12,12,12,28,35,0.8000,0.8025,0,0,False
puzzle,12,1,3,12,12,12,12,12,1.0000,1.4321,0,0,False
puzzle,12,2,3,12,12,12,23,56,0.4107,0.4570,0,0,False
puzzle,12,3,3,12,12,12,35,21,1.6667,1.6975,0,0,False
puzzle,12,4,3,12,12,12,48,60,0.8000,0.8625,0,0,False
puzzle,12,5,3,12,12,12,27,15,1.8000,1.6609,0,0,False
puzzle,12,6,3,12,12,14,64,51,1.2549,1.1890,2,2,True
puzzle,12,7,3,12,12,12,47,36,1.3056,1.3043,0,0,False
puzzle,12,8,3,12,12,12,44,25,1.7600,1.7299,0,0,False
puzzle,12,9,3,12,12,12,45,36,1.2500,1.2361,0,0,False
puzzle,16,0,3,16,16,18,169,84,2.0119,1.9828,2,2,True
puzzle,16,1,3,16,16,16,57,184,0.3098,0.3300,0,0,False
puzzle,16,2,3,16,16,18,192,64,3.0000,2.9144,2,2,True
puzzle,16,3,3,16,16,20,151,390,0.3872,0.3839,4,4,True
puzzle,16,4,3,16,16,16,184,241,0.7635,0.7636,0,0,False
puzzle,16,5,3,16,16,22,91,154,0.5909,0.5842,6,6,True
puzzle,16,6,3,16,16,16,128,166,0.7711,0.7576,0,0,False
puzzle,16,7,3,16,16,24,99,268,0.3694,0.3426,8,8,True
puzzle,16,8,3,16,16,18,129,153,0.8431,0.8121,2,2,True
puzzle,16,9,3,16,16,16,116,82,1.4146,2.1679,0,0,False
grid,5,0,3,7,7,7,10,5,2.0000,1.7750,0,0,False
grid,5,1,3,6,6,6,12,4,3.0000,2.2353,0,0,False
grid,5,2,3,3,3,3,4,3,1.3333,1.2000,0,0,False
grid,5,3,3,8,8,11,10,10,1.0000,0.7763,3,-2,True
grid,5,4,3,10,10,13,12,5,2.4000,1.7297,3,-2,True
grid,5,5,3,6,6,6,9,7,1.2857,1.2766,0,0,False
grid,5,6,3,6,6,6,13,6,2.1667,1.9143,0,0,False
grid,5,7,3,4,4,4,4,4,1.0000,1.2667,0,0,False
grid,5,8,3,2,2,2,3,2,1.5000,1.3333,0,0,False
grid,5,9,3,5,5,5,9,5,1.8000,1.7667,0,0,False
grid,8,0,3,13,13,13,24,9,2.6667,2.4312,0,0,False
grid,8,1,3,9,9,13,15,9,1.6667,1.5397,4,0,True
grid,8,2,3,23,23,23,36,16,2.2500,2.1089,0,0,False
grid,8,3,3,14,14,14,35,18,1.9444,1.9068,0,0,False
grid,8,4,3,11,11,13,26,9,2.8889,2.5246,2,0,True
grid,8,5,3,17,17,19,36,12,3.0000,2.7500,2,-2,True
grid,8,6,3,8,8,8,20,6,3.3333,2.6829,0,0,False
grid,8,7,3,11,11,13,27,9,3.0000,2.5397,2,0,True
grid,8,8,3,8,8,12,12,8,1.5000,1.5455,4,0,True
grid,8,9,3,10,10,10,10,7,1.4286,1.5217,0,0,False
grid,12,0,3,13,13,19,31,12,2.5833,2.5000,6,0,True
grid,12,1,3,9,9,9,19,7,2.7143,2.3617,0,0,False
grid,12,2,3,16,16,16,59,19,3.1053,2.8049,0,0,False
grid,12,3,3,13,13,13,29,12,2.4167,2.2250,0,0,False
grid,12,4,3,5,5,5,9,8,1.1250,1.1698,0,0,False
grid,12,5,3,11,11,11,26,8,3.2500,2.8889,0,0,False
grid,12,6,3,17,17,17,40,13,3.0769,2.5426,0,0,False
grid,12,7,3,14,14,14,26,13,2.0000,1.8632,0,0,False
grid,12,8,3,12,12,12,19,10,1.9000,1.8732,0,0,False
grid,12,9,3,11,11,13,19,11,1.7273,1.7089,2,0,True
grid,16,0,3,20,20,20,69,16,4.3125,2.8200,0,0,False
grid,16,1,3,19,19,21,74,19,3.8947,3.4844,2,-2,True
grid,16,2,3,24,24,24,102,18,5.6667,4.7778,0,0,False
grid,16,3,3,24,24,33,116,29,4.0000,3.5661,9,-2,True
grid,16,4,3,26,26,26,60,22,2.7273,2.3355,0,0,False
grid,16,5,3,14,14,14,40,13,3.0769,2.8864,0,0,False
grid,16,6,3,18,18,22,68,17,4.0000,3.7568,4,0,True
grid,16,7,3,22,22,22,62,18,3.4444,2.9458,0,0,False
grid,16,8,3,17,17,17,38,13,2.9231,2.7204,0,0,False
grid,16,9,3,19,19,25,42,16,2.6250,2.5472,6,0,True
grid,5,0,8,7,7,7,10,5,2.0000,1.7750,0,0,False
grid,5,1,8,6,6,6,12,4,3.0000,2.3030,0,0,False
grid,5,2,8,3,3,3,4,3,1.3333,1.2500,0,0,False
grid,5,3,8,8,8,20,10,4,2.5000,1.9032,12,-2,True
grid,5,4,8,10,10,13,12,4,3.0000,1.9394,3,-2,True
grid,5,5,8,6,6,8,9,6,1.5000,1.4634,2,0,True
grid,5,6,8,6,6,6,13,6,2.1667,1.9143,0,0,False
grid,5,7,8,4,4,4,4,4,1.0000,1.3103,0,0,False
grid,5,8,8,2,2,2,3,2,1.5000,1.4118,0,0,False
grid,5,9,8,5,5,5,9,5,1.8000,1.7667,0,0,False
grid,8,0,8,13,13,13,24,9,2.6667,2.3661,0,0,False
grid,8,1,8,9,9,13,15,9,1.6667,1.5902,4,0,True
grid,8,2,8,23,23,30,36,11,3.2727,2.9178,7,0,True
grid,8,3,8,14,14,28,35,12,2.9167,2.6471,14,0,True
grid,8,4,8,11,11,13,26,9,2.8889,2.5246,2,0,True
grid,8,5,8,17,17,19,36,12,3.0000,2.7867,2,-2,True
grid,8,6,8,8,8,8,20,6,3.3333,2.6829,0,0,False
grid,8,7,8,11,11,13,27,9,3.0000,2.6230,2,0,True
grid,8,8,8,8,8,12,12,8,1.5000,1.5741,4,0,True
grid,8,9,8,10,10,10,10,6,1.6667,1.6667,0,0,False
grid,12,0,8,13,13,24,31,11,2.8182,2.6316,11,0,True
grid,12,1,8,9,9,12,19,5,3.8000,3.0833,3,0,True
grid,12,2,8,16,16,23,59,14,4.2143,3.6702,7,0,True
grid,12,3,8,13,13,18,29,9,3.2222,2.9180,5,0,True
grid,12,4,8,5,5,12,9,5,1.8000,1.6316,7,0,True
grid,12,5,8,11,11,11,26,7,3.7143,3.2500,0,0,False
grid,12,6,8,17,17,17,40,13,3.0769,2.7471,0,0,False
grid,12,7,8,14,14,20,26,12,2.1667,2.0114,6,0,True
grid,12,8,8,12,12,12,19,10,1.9000,1.9000,0,0,False
grid,12,9,8,11,11,13,19,11,1.7273,1.8000,2,0,True
grid,16,0,8,20,20,20,69,16,4.3125,3.8455,0,0,False
grid,16,1,8,19,19,28,74,17,4.3529,3.8783,9,-2,True
grid,16,2,8,24,24,24,102,18,5.6667,4.8943,0,0,False
grid,16,3,8,24,24,34,116,19,6.1053,5.2656,10,-2,True
grid,16,4,8,26,26,38,60,20,3.0000,2.5357,12,0,True
grid,16,5,8,14,14,14,40,12,3.3333,3.1358,0,0,False
grid,16,6,8,18,18,22,68,14,4.8571,4.3895,4,0,True
grid,16,7,8,22,22,22,62,18,3.4444,3.1562,0,0,False
grid,16,8,8,17,17,17,38,13,2.9231,2.6915,0,0,False
grid,16,9,8,19,19,25,42,15,2.8000,2.7551,6,0,True
