domain,size,instance,ucs_cost,astar_manhattan,astar_misplaced,bfs_cost,ids_cost,dfs_cost,admissible_equals_ucs,bfs_equals_ucs,ids_equals_ucs,dfs_suboptimal,bfs_suboptimal_by,dfs_suboptimal_by
puzzle,4,0,4,4,4,4,4,38,True,True,True,True,,34
puzzle,4,1,4,4,4,4,4,32,True,True,True,True,,28
puzzle,4,2,4,4,4,4,4,558,True,True,True,True,,554
puzzle,4,3,4,4,4,4,4,548,True,True,True,True,,544
puzzle,4,4,4,4,4,4,4,10,True,True,True,True,,6
puzzle,4,5,4,4,4,4,4,40,True,True,True,True,,36
puzzle,4,6,4,4,4,4,4,512,True,True,True,True,,508
puzzle,4,7,4,4,4,4,4,38,True,True,True,True,,34
puzzle,4,8,4,4,4,4,4,94144,True,True,True,True,,94140
puzzle,4,9,4,4,4,4,4,548,True,True,True,True,,544
puzzle,8,0,8,8,8,8,8,1048,True,True,True,True,,1040
puzzle,8,1,8,8,8,8,8,8036,True,True,True,True,,8028
puzzle,8,2,8,8,8,8,8,94280,True,True,True,True,,94272
puzzle,8,3,8,8,8,8,8,33210,True,True,True,True,,33202
puzzle,8,4,8,8,8,8,8,49844,True,True,True,True,,49836
puzzle,8,5,8,8,8,8,8,52330,True,True,True,True,,52322
puzzle,8,6,8,8,8,8,8,584,True,True,True,True,,576
puzzle,8,7,8,8,8,8,8,37082,True,True,True,True,,37074
puzzle,8,8,8,8,8,8,8,57624,True,True,True,True,,57616
puzzle,8,9,8,8,8,8,8,24,True,True,True,True,,16
puzzle,12,0,12,12,12,12,12,5944,True,True,True,True,,5932
puzzle,12,1,12,12,12,12,12,25010,True,True,True,True,,24998
puzzle,12,2,12,12,12,12,12,48764,True,True,True,True,,48752
puzzle,12,3,12,12,12,12,12,55200,True,True,True,True,,55188
puzzle,12,4,12,12,12,12,12,22730,True,True,True,True,,22718
puzzle,12,5,12,12,12,12,12,73532,True,True,True,True,,73520
puzzle,12,6,12,12,12,12,12,37952,True,True,True,True,,37940
puzzle,12,7,12,12,12,12,12,27634,True,True,True,True,,27622
puzzle,12,8,12,12,12,12,12,21918,True,True,True,True,,21906
puzzle,12,9,12,12,12,12,12,45100,True,True,True,True,,45088
puzzle,16,0,16,16,16,16,16,40058,True,True,True,True,,40042
puzzle,16,1,16,16,16,16,16,43426,True,True,True,True,,43410
puzzle,16,2,16,16,16,16,16,16402,True,True,True,True,,16386
puzzle,16,3,16,16,16,16,16,49866,True,True,True,True,,49850
puzzle,16,4,16,16,16,16,16,6876,True,True,True,True,,6860
puzzle,16,5,16,16,16,16,16,964,True,True,True,True,,948
puzzle,16,6,16,16,16,16,16,94026,True,True,True,True,,94010
puzzle,16,7,16,16,16,16,16,27762,True,True,True,True,,27746
puzzle,16,8,16,16,16,16,16,21908,True,True,True,True,,21892
puzzle,16,9,16,16,16,16,16,80,True,True,True,True,,64
grid,5,0,7,7,,7,7,43,True,True,True,True,0,36
grid,5,1,6,6,,6,6,29,True,True,True,True,0,23
grid,5,2,3,3,,5,5,20,True,False,False,True,2,17
grid,5,3,8,8,,11,11,53,True,False,False,True,3,45
grid,5,4,10,10,,13,13,13,True,False,False,True,3,3
grid,5,5,6,6,,8,8,46,True,False,False,True,2,40
grid,5,6,6,6,,6,6,32,True,True,True,True,0,26
grid,5,7,4,4,,4,4,13,True,True,True,True,0,9
grid,5,8,2,2,,2,2,8,True,True,True,True,0,6
grid,5,9,5,5,,7,7,32,True,False,False,True,2,27
grid,8,0,13,13,,15,15,85,True,False,False,True,2,72
grid,8,1,9,9,,13,13,87,True,False,False,True,4,78
grid,8,2,23,23,,35,35,124,True,False,False,True,12,101
grid,8,3,14,14,,28,28,88,True,False,False,True,14,74
grid,8,4,11,11,,15,15,102,True,False,False,True,4,91
grid,8,5,17,17,,46,46,111,True,False,False,True,29,94
grid,8,6,8,8,,13,13,35,True,False,False,True,5,27
grid,8,7,11,11,,22,22,69,True,False,False,True,11,58
grid,8,8,8,8,,16,16,38,True,False,False,True,8,30
grid,8,9,10,10,,17,17,86,True,False,False,True,7,76
grid,12,0,13,13,,13,13,236,True,True,True,True,0,223
grid,12,1,9,9,,12,12,19,True,False,False,True,3,10
grid,12,2,16,16,,32,32,249,True,False,False,True,16,233
grid,12,3,13,13,,25,25,145,True,False,False,True,12,132
grid,12,4,5,5,,12,12,63,True,False,False,True,7,58
grid,12,5,11,11,,11,11,127,True,True,True,True,0,116
grid,12,6,17,17,,26,26,262,True,False,False,True,9,245
grid,12,7,14,14,,39,39,200,True,False,False,True,25,186
grid,12,8,12,12,,23,23,177,True,False,False,True,11,165
grid,12,9,11,11,,32,32,190,True,False,False,True,21,179
grid,16,0,20,20,,27,27,382,True,False,False,True,7,362
grid,16,1,19,19,,46,,308,True,False,,True,27,289
grid,16,2,24,24,,30,,336,True,False,,True,6,312
grid,16,3,24,24,,45,,512,True,False,,True,21,488
grid,16,4,26,26,,48,,428,True,False,,True,22,402
grid,16,5,14,14,,28,28,314,True,False,False,True,14,300
grid,16,6,18,18,,34,34,253,True,False,False,True,16,235
grid,16,7,22,22,,40,,328,True,False,,True,18,306
grid,16,8,17,17,,28,28,307,True,False,False,True,11,290
grid,16,9,19,19,,25,25,146,True,False,False,True,6,127
