domain,size,algorithm,n,expansions_median,length_median,bstar_median,bstar_q1,bstar_q3
puzzle,4,A*+3xmanhattan,10,4,4,1.0000,1.0000,1.0000
puzzle,4,A*+manhattan,10,4,4,1.0000,1.0000,1.0000
puzzle,4,A*+misplaced,10,4,4,1.0000,1.0000,1.0000
puzzle,8,A*+3xmanhattan,10,10,8,1.0599,1.0124,1.1151
puzzle,8,A*+manhattan,10,11,8,1.0800,1.0547,1.0896
puzzle,8,A*+misplaced,10,17,8,1.1660,1.1388,1.2267
puzzle,12,A*+3xmanhattan,10,35,12,1.1588,1.0899,1.1608
puzzle,12,A*+manhattan,10,39,12,1.1730,1.1211,1.1970
puzzle,12,A*+misplaced,10,103,12,1.3090,1.2839,1.3138
puzzle,16,A*+3xmanhattan,10,160,18,1.1873,1.1523,1.2452
puzzle,16,A*+manhattan,10,128,16,1.2204,1.1981,1.2450
puzzle,16,A*+misplaced,10,551,16,1.3671,1.3611,1.3803
grid,5,A*+3xmanhattan,10,5,4,1.0000,1.0000,1.0332
grid,5,A*+8xmanhattan,10,4,4,1.0000,1.0000,1.0000
grid,5,A*+manhattan,10,9,5,1.2024,1.1488,1.2371
grid,8,A*+3xmanhattan,10,9,9,1.0000,1.0000,1.0368
grid,8,A*+8xmanhattan,10,9,9,1.0000,1.0000,1.0000
grid,8,A*+manhattan,10,25,9,1.1746,1.1404,1.2135
grid,12,A*+3xmanhattan,10,11,10,1.0239,1.0031,1.0528
grid,12,A*+8xmanhattan,10,10,10,1.0000,1.0000,1.0000
grid,12,A*+manhattan,10,26,10,1.1720,1.1237,1.2226
grid,16,A*+3xmanhattan,10,17,16,1.0085,1.0000,1.0122
grid,16,A*+8xmanhattan,10,16,16,1.0000,1.0000,1.0000
grid,16,A*+manhattan,10,65,17,1.1469,1.1214,1.1623
