domain,size,instance,algorithm,status,cost,length,expansions,generated,max_frontier,seconds
grid,5,0,BFS,solved,7,5,21,37,11,0.000127
grid,5,0,DFS,solved,43,13,13,26,14,0.000054
grid,5,0,UCS,solved,7,5,10,22,12,0.000055
grid,5,0,IDS,solved,7,5,54,130,6,0.000273
grid,5,0,A*+manhattan,solved,7,5,10,17,9,0.000071
grid,5,0,A*+3xmanhattan,solved,7,5,5,14,10,0.000040
grid,5,0,A*+8xmanhattan,solved,7,5,5,14,10,0.000040
grid,5,1,BFS,solved,6,4,20,35,12,0.000088
grid,5,1,DFS,solved,29,12,12,28,17,0.000048
grid,5,1,UCS,solved,6,4,19,34,13,0.000081
grid,5,1,IDS,solved,6,4,33,79,5,0.000146
grid,5,1,A*+manhattan,solved,6,4,12,19,9,0.000076
grid,5,1,A*+3xmanhattan,solved,6,4,4,12,9,0.000034
grid,5,1,A*+8xmanhattan,solved,6,4,4,12,9,0.000033
grid,5,2,BFS,solved,5,3,10,21,10,0.000040
grid,5,2,DFS,solved,20,11,11,22,12,0.000041
grid,5,2,UCS,solved,3,3,6,13,7,0.000030
grid,5,2,IDS,solved,5,3,8,17,4,0.000048
grid,5,2,A*+manhattan,solved,3,3,4,9,6,0.000030
grid,5,2,A*+3xmanhattan,solved,3,3,3,8,6,0.000025
grid,5,2,A*+8xmanhattan,solved,3,3,3,8,6,0.000024
grid,5,3,BFS,solved,11,4,15,29,11,0.000055
grid,5,3,DFS,solved,53,16,16,31,16,0.000055
grid,5,3,UCS,solved,8,6,13,28,16,0.000058
grid,5,3,IDS,solved,11,4,19,42,5,0.000089
grid,5,3,A*+manhattan,solved,8,6,10,19,10,0.000059
grid,5,3,A*+3xmanhattan,solved,11,4,10,21,12,0.000076
grid,5,3,A*+8xmanhattan,solved,20,4,4,10,7,0.000031
grid,5,4,BFS,solved,13,4,21,37,12,0.000075
grid,5,4,DFS,solved,13,4,4,12,9,0.000120
grid,5,4,UCS,solved,10,6,18,33,13,0.000079
grid,5,4,IDS,solved,13,4,40,99,5,0.000183
grid,5,4,A*+manhattan,solved,10,6,12,18,8,0.000064
grid,5,4,A*+3xmanhattan,solved,13,4,5,13,9,0.000037
grid,5,4,A*+8xmanhattan,solved,13,4,4,12,9,0.000033
grid,5,5,BFS,solved,8,6,23,39,11,0.000090
grid,5,5,DFS,solved,46,14,14,27,14,0.000051
grid,5,5,UCS,solved,6,6,18,35,17,0.000078
grid,5,5,IDS,solved,8,6,116,278,7,0.000468
grid,5,5,A*+manhattan,solved,6,6,9,20,12,0.000060
grid,5,5,A*+3xmanhattan,solved,6,6,7,18,12,0.000047
grid,5,5,A*+8xmanhattan,solved,8,6,6,17,12,0.000041
grid,5,6,BFS,solved,6,6,20,35,9,0.000081
grid,5,6,DFS,solved,32,16,16,29,14,0.000052
grid,5,6,UCS,solved,6,6,17,31,9,0.000083
grid,5,6,IDS,solved,6,6,81,191,7,0.000321
grid,5,6,A*+manhattan,solved,6,6,13,20,8,0.000067
grid,5,6,A*+3xmanhattan,solved,6,6,6,13,8,0.000035
grid,5,6,A*+8xmanhattan,solved,6,6,6,13,8,0.000035
grid,5,7,BFS,solved,4,4,21,37,12,0.000082
grid,5,7,DFS,solved,13,4,4,12,9,0.000019
grid,5,7,UCS,solved,4,4,15,31,12,0.000064
grid,5,7,IDS,solved,4,4,40,99,5,0.000185
grid,5,7,A*+manhattan,solved,4,4,4,12,9,0.000038
grid,5,7,A*+3xmanhattan,solved,4,4,4,12,9,0.000030
grid,5,7,A*+8xmanhattan,solved,4,4,4,12,9,0.000029
grid,5,8,BFS,solved,2,2,9,19,11,0.000035
grid,5,8,DFS,solved,8,6,6,16,11,0.000025
grid,5,8,UCS,solved,2,2,7,18,12,0.000034
grid,5,8,IDS,solved,2,2,4,11,3,0.000036
grid,5,8,A*+manhattan,solved,2,2,3,9,7,0.000024
grid,5,8,A*+3xmanhattan,solved,2,2,2,7,6,0.000018
grid,5,8,A*+8xmanhattan,solved,2,2,2,7,6,0.000017
grid,5,9,BFS,solved,7,5,19,34,9,0.000066
grid,5,9,DFS,solved,32,17,17,34,18,0.000058
grid,5,9,UCS,solved,5,5,16,31,14,0.000067
grid,5,9,IDS,solved,7,5,54,125,6,0.000235
grid,5,9,A*+manhattan,solved,5,5,9,17,9,0.000053
grid,5,9,A*+3xmanhattan,solved,5,5,5,10,6,0.000030
grid,5,9,A*+8xmanhattan,solved,5,5,5,10,6,0.000030
grid,8,0,BFS,solved,15,9,61,110,19,0.000212
grid,8,0,DFS,solved,85,37,37,73,37,0.000126
grid,8,0,UCS,solved,13,9,57,107,36,0.000253
grid,8,0,IDS,solved,15,9,5413,14610,10,0.022862
grid,8,0,A*+manhattan,solved,13,9,24,46,23,0.000265
grid,8,0,A*+3xmanhattan,solved,13,9,9,21,13,0.000109
grid,8,0,A*+8xmanhattan,solved,13,9,9,21,13,0.000112
grid,8,1,BFS,solved,13,9,59,109,19,0.000514
grid,8,1,DFS,solved,87,37,37,73,37,0.000128
grid,8,1,UCS,solved,9,9,50,101,37,0.000222
grid,8,1,IDS,solved,13,9,2575,6910,10,0.010734
grid,8,1,A*+manhattan,solved,9,9,15,32,18,0.000097
grid,8,1,A*+3xmanhattan,solved,13,9,9,26,18,0.000063
grid,8,1,A*+8xmanhattan,solved,13,9,9,26,18,0.000061
grid,8,2,BFS,solved,35,10,59,107,15,0.000207
grid,8,2,DFS,solved,124,38,38,80,43,0.000129
grid,8,2,UCS,solved,23,10,52,104,27,0.000232
grid,8,2,IDS,solved,35,10,8159,21998,11,0.035249
grid,8,2,A*+manhattan,solved,23,10,36,57,21,0.000213
grid,8,2,A*+3xmanhattan,solved,23,10,16,36,21,0.000101
grid,8,2,A*+8xmanhattan,solved,30,10,11,29,19,0.000073
grid,8,3,BFS,solved,28,12,62,111,15,0.000227
grid,8,3,DFS,solved,88,40,40,83,44,0.000140
grid,8,3,UCS,solved,14,12,53,105,31,0.000241
grid,8,3,IDS,solved,28,12,43276,117053,13,0.180370
grid,8,3,A*+manhattan,solved,14,12,35,54,21,0.000225
grid,8,3,A*+3xmanhattan,solved,14,12,18,42,25,0.000118
grid,8,3,A*+8xmanhattan,solved,28,12,12,32,21,0.000085
grid,8,4,BFS,solved,15,9,58,106,18,0.000215
grid,8,4,DFS,solved,102,41,41,84,44,0.000141
grid,8,4,UCS,solved,11,9,55,108,36,0.000256
grid,8,4,IDS,solved,15,9,4600,12409,10,0.018903
grid,8,4,A*+manhattan,solved,11,9,26,53,28,0.000154
grid,8,4,A*+3xmanhattan,solved,13,9,9,25,17,0.000061
grid,8,4,A*+8xmanhattan,solved,13,9,9,25,17,0.000061
grid,8,5,BFS,solved,46,11,56,103,15,0.000195
grid,8,5,DFS,solved,111,41,41,77,37,0.000131
grid,8,5,UCS,solved,17,13,50,102,31,0.000217
grid,8,5,IDS,solved,46,11,8741,23568,12,0.036314
grid,8,5,A*+manhattan,solved,17,13,36,55,20,0.000209
grid,8,5,A*+3xmanhattan,solved,19,11,12,29,18,0.000076
grid,8,5,A*+8xmanhattan,solved,19,11,12,29,18,0.000075
grid,8,6,BFS,solved,13,6,43,84,18,0.000173
grid,8,6,DFS,solved,35,20,20,47,28,0.000074
grid,8,6,UCS,solved,8,6,35,73,22,0.000151
grid,8,6,IDS,solved,13,6,275,721,7,0.001104
grid,8,6,A*+manhattan,solved,8,6,20,34,15,0.000110
grid,8,6,A*+3xmanhattan,solved,8,6,6,16,11,0.000041
grid,8,6,A*+8xmanhattan,solved,8,6,6,16,11,0.000041
grid,8,7,BFS,solved,22,9,59,107,18,0.000214
grid,8,7,DFS,solved,69,37,37,79,43,0.000128
grid,8,7,UCS,solved,11,9,56,107,36,0.000243
grid,8,7,IDS,solved,22,9,4646,12530,10,0.019087
grid,8,7,A*+manhattan,solved,11,9,27,51,25,0.000160
grid,8,7,A*+3xmanhattan,solved,13,9,9,24,16,0.000063
grid,8,7,A*+8xmanhattan,solved,13,9,9,24,16,0.000061
grid,8,8,BFS,solved,16,8,51,97,15,0.000186
grid,8,8,DFS,solved,38,22,22,50,29,0.000080
grid,8,8,UCS,solved,8,8,34,73,28,0.000152
grid,8,8,IDS,solved,16,8,1287,3420,9,0.005314
grid,8,8,A*+manhattan,solved,8,8,12,30,19,0.000085
grid,8,8,A*+3xmanhattan,solved,12,8,8,22,15,0.000055
grid,8,8,A*+8xmanhattan,solved,12,8,8,22,15,0.000054
grid,8,9,BFS,solved,17,6,34,69,19,0.000125
grid,8,9,DFS,solved,86,34,34,67,34,0.000114
grid,8,9,UCS,solved,10,6,22,51,27,0.000103
grid,8,9,IDS,solved,17,6,130,333,7,0.000564
grid,8,9,A*+manhattan,solved,10,6,10,21,12,0.000070
grid,8,9,A*+3xmanhattan,solved,10,6,7,16,10,0.000046
grid,8,9,A*+8xmanhattan,solved,10,6,6,16,11,0.000042
grid,12,0,BFS,solved,13,11,116,223,30,0.000416
grid,12,0,DFS,solved,236,99,99,203,105,0.000364
grid,12,0,UCS,solved,13,11,96,197,50,0.000438
grid,12,0,IDS,solved,13,11,51311,144126,12,0.215579
grid,12,0,A*+manhattan,solved,13,11,31,64,34,0.000200
grid,12,0,A*+3xmanhattan,solved,19,11,12,32,21,0.000080
grid,12,0,A*+8xmanhattan,solved,24,11,11,32,22,0.000076
grid,12,1,BFS,solved,12,5,58,132,41,0.000219
grid,12,1,DFS,solved,19,11,11,30,20,0.000044
grid,12,1,UCS,solved,9,5,60,137,55,0.000274
grid,12,1,IDS,solved,12,5,157,474,6,0.000703
grid,12,1,A*+manhattan,solved,9,5,19,39,21,0.000111
grid,12,1,A*+3xmanhattan,solved,9,5,7,18,12,0.000047
grid,12,1,A*+8xmanhattan,solved,12,5,5,15,11,0.000036
grid,12,2,BFS,solved,32,14,139,261,29,0.000490
grid,12,2,DFS,solved,249,102,102,209,108,0.000625
grid,12,2,UCS,solved,16,14,122,241,59,0.000544
grid,12,2,IDS,solved,32,14,937163,2655169,15,4.017805
grid,12,2,A*+manhattan,solved,16,14,59,90,35,0.000345
grid,12,2,A*+3xmanhattan,solved,16,14,19,47,29,0.000123
grid,12,2,A*+8xmanhattan,solved,23,14,14,40,27,0.000094
grid,12,3,BFS,solved,25,9,120,235,37,0.000434
grid,12,3,DFS,solved,145,53,53,115,63,0.000184
grid,12,3,UCS,solved,13,9,82,188,75,0.000380
grid,12,3,IDS,solved,25,9,9270,26667,10,0.040005
grid,12,3,A*+manhattan,solved,13,9,29,52,24,0.000178
grid,12,3,A*+3xmanhattan,solved,13,9,12,28,17,0.000080
grid,12,3,A*+8xmanhattan,solved,18,9,9,25,17,0.000061
grid,12,4,BFS,solved,12,5,55,124,37,0.000221
grid,12,4,DFS,solved,63,27,27,65,39,0.000101
grid,12,4,UCS,solved,5,5,37,94,43,0.000186
grid,12,4,IDS,solved,12,5,131,393,6,0.000622
grid,12,4,A*+manhattan,solved,5,5,9,22,14,0.000062
grid,12,4,A*+3xmanhattan,solved,5,5,8,20,13,0.000053
grid,12,4,A*+8xmanhattan,solved,12,5,5,15,11,0.000038
grid,12,5,BFS,solved,11,7,93,196,41,0.000355
grid,12,5,DFS,solved,127,51,51,111,61,0.000180
grid,12,5,UCS,solved,11,7,87,186,64,0.000389
grid,12,5,IDS,solved,11,7,1090,3214,8,0.004664
grid,12,5,A*+manhattan,solved,11,7,26,51,24,0.000156
grid,12,5,A*+3xmanhattan,solved,11,7,8,21,14,0.000054
grid,12,5,A*+8xmanhattan,solved,11,7,7,19,13,0.000048
grid,12,6,BFS,solved,26,13,122,236,27,0.000451
grid,12,6,DFS,solved,262,123,123,242,120,0.000421
grid,12,6,UCS,solved,17,13,110,222,49,0.000488
grid,12,6,IDS,solved,26,13,174278,491679,14,0.733487
grid,12,6,A*+manhattan,solved,17,13,40,72,34,0.000239
grid,12,6,A*+3xmanhattan,solved,17,13,13,33,21,0.000094
grid,12,6,A*+8xmanhattan,solved,17,13,13,33,21,0.000087
grid,12,7,BFS,solved,39,12,121,233,26,0.000431
grid,12,7,DFS,solved,200,78,78,163,86,0.000269
grid,12,7,UCS,solved,14,12,86,184,52,0.000391
grid,12,7,IDS,solved,39,12,131709,370918,13,0.556898
grid,12,7,A*+manhattan,solved,14,12,26,49,24,0.000177
grid,12,7,A*+3xmanhattan,solved,14,12,13,35,23,0.000095
grid,12,7,A*+8xmanhattan,solved,20,12,12,34,23,0.000088
grid,12,8,BFS,solved,23,10,108,211,30,0.000405
grid,12,8,DFS,solved,177,76,76,159,84,0.000264
grid,12,8,UCS,solved,12,10,74,155,49,0.000349
grid,12,8,IDS,solved,23,10,18376,51405,11,0.077237
grid,12,8,A*+manhattan,solved,12,10,19,39,21,0.000133
grid,12,8,A*+3xmanhattan,solved,12,10,10,26,17,0.000071
grid,12,8,A*+8xmanhattan,solved,12,10,10,26,17,0.000070
grid,12,9,BFS,solved,32,11,118,227,30,0.000453
grid,12,9,DFS,solved,190,77,77,161,85,0.000270
grid,12,9,UCS,solved,11,11,74,149,48,0.000340
grid,12,9,IDS,solved,32,11,51416,144433,12,0.223480
grid,12,9,A*+manhattan,solved,11,11,19,40,22,0.000135
grid,12,9,A*+3xmanhattan,solved,13,11,11,30,20,0.000079
grid,12,9,A*+8xmanhattan,solved,13,11,11,30,20,0.000075
grid,16,0,BFS,solved,27,16,214,419,36,0.000791
grid,16,0,DFS,solved,382,166,166,339,174,0.000575
grid,16,0,UCS,solved,20,16,186,380,97,0.000844
grid,16,0,IDS,solved,27,16,8214170,23652261,17,35.951492
grid,16,0,A*+manhattan,solved,20,16,69,110,42,0.000423
grid,16,0,A*+3xmanhattan,solved,20,16,16,42,27,0.000150
grid,16,0,A*+8xmanhattan,solved,20,16,16,42,27,0.000110
grid,16,1,BFS,solved,46,17,232,445,40,0.000848
grid,16,1,DFS,solved,308,137,137,283,147,0.000468
grid,16,1,UCS,solved,19,19,205,417,87,0.000916
grid,16,1,IDS,timeout,,,27330129,78852369,17,120.000030
grid,16,1,A*+manhattan,solved,19,19,74,125,52,0.000446
grid,16,1,A*+3xmanhattan,solved,21,17,19,47,29,0.000128
grid,16,1,A*+8xmanhattan,solved,28,17,17,45,29,0.000115
grid,16,2,BFS,solved,30,18,248,471,42,0.000913
grid,16,2,DFS,solved,336,140,140,288,149,0.000487
grid,16,2,UCS,solved,24,18,245,474,87,0.001133
grid,16,2,IDS,timeout,,,27587022,80111942,17,120.000023
grid,16,2,A*+manhattan,solved,24,18,102,162,53,0.000602
grid,16,2,A*+3xmanhattan,solved,24,18,18,50,33,0.000126
grid,16,2,A*+8xmanhattan,solved,24,18,18,50,33,0.000123
grid,16,3,BFS,solved,45,18,222,427,36,0.000819
grid,16,3,DFS,solved,512,198,198,401,204,0.000679
grid,16,3,UCS,solved,24,20,220,435,90,0.001013
grid,16,3,IDS,timeout,,,27785957,79723380,18,120.000022
grid,16,3,A*+manhattan,solved,24,20,116,181,64,0.000674
grid,16,3,A*+3xmanhattan,solved,33,18,29,70,42,0.000189
grid,16,3,A*+8xmanhattan,solved,34,18,19,51,33,0.000128
grid,16,4,BFS,solved,48,20,205,397,31,0.000751
grid,16,4,DFS,solved,428,170,170,346,177,0.000602
grid,16,4,UCS,solved,26,20,167,344,77,0.000765
grid,16,4,IDS,timeout,,,27694258,78695339,19,120.000022
grid,16,4,A*+manhattan,solved,26,20,60,97,38,0.000355
grid,16,4,A*+3xmanhattan,solved,26,20,22,55,34,0.000152
grid,16,4,A*+8xmanhattan,solved,38,20,20,54,35,0.000140
grid,16,5,BFS,solved,28,12,190,380,42,0.000712
grid,16,5,DFS,solved,314,132,132,273,142,0.000465
grid,16,5,UCS,solved,14,12,152,329,84,0.000721
grid,16,5,IDS,solved,28,12,228572,662197,13,1.008992
grid,16,5,A*+manhattan,solved,14,12,40,70,31,0.000254
grid,16,5,A*+3xmanhattan,solved,14,12,13,34,22,0.000088
grid,16,5,A*+8xmanhattan,solved,14,12,12,33,22,0.000081
grid,16,6,BFS,solved,34,12,210,415,49,0.000785
grid,16,6,DFS,solved,253,102,102,215,114,0.000367
grid,16,6,UCS,solved,18,12,203,413,86,0.000935
grid,16,6,IDS,solved,34,12,253542,744330,13,1.125004
grid,16,6,A*+manhattan,solved,18,12,68,120,53,0.000417
grid,16,6,A*+3xmanhattan,solved,22,12,17,41,25,0.000111
grid,16,6,A*+8xmanhattan,solved,22,12,14,37,24,0.000095
grid,16,7,BFS,solved,40,18,196,381,34,0.000723
grid,16,7,DFS,solved,328,138,138,285,148,0.000508
grid,16,7,UCS,solved,22,18,152,315,74,0.000700
grid,16,7,IDS,timeout,,,27641882,78612486,18,120.000035
grid,16,7,A*+manhattan,solved,22,18,62,103,40,0.000707
grid,16,7,A*+3xmanhattan,solved,22,18,18,50,33,0.000240
grid,16,7,A*+8xmanhattan,solved,22,18,18,50,33,0.000224
grid,16,8,BFS,solved,28,13,198,391,40,0.000944
grid,16,8,DFS,solved,307,115,115,240,126,0.000429
grid,16,8,UCS,solved,17,13,168,355,102,0.001057
grid,16,8,IDS,solved,28,13,639565,1851884,14,2.867157
grid,16,8,A*+manhattan,solved,17,13,38,72,35,0.000253
grid,16,8,A*+3xmanhattan,solved,17,13,13,34,22,0.000093
grid,16,8,A*+8xmanhattan,solved,17,13,13,34,22,0.000094
grid,16,9,BFS,solved,25,15,181,360,31,0.000767
grid,16,9,DFS,solved,146,75,75,162,88,0.000302
grid,16,9,UCS,solved,19,15,144,302,80,0.000664
grid,16,9,IDS,solved,25,15,2088345,5960599,16,9.080052
grid,16,9,A*+manhattan,solved,19,15,42,73,32,0.000270
grid,16,9,A*+3xmanhattan,solved,25,15,16,41,26,0.000106
grid,16,9,A*+8xmanhattan,solved,25,15,15,40,26,0.000098
