domain,size,algorithm,n_total,n_solved,n_timeout,n_exhausted,cost_median,cost_q1,cost_q3,length_median,length_q1,length_q3,expansions_median,expansions_q1,expansions_q3,max_frontier_median,max_frontier_q1,max_frontier_q3,seconds_median,seconds_q1,seconds_q3
grid,5,A*+3xmanhattan,10,10,0,0,6,4.25,6.75,4,4,5,5,4,5.75,9,6.5,9.75,3.45e-05,3e-05,3.925e-05
grid,5,A*+8xmanhattan,10,10,0,0,6,4.25,7.75,4,4,5,4,4,5,8.5,6.25,9,3.2e-05,2.925e-05,3.45e-05
grid,5,A*+manhattan,10,10,0,0,6,4.25,6.75,5,4,6,9.5,5.25,11.5,9,8,9,5.95e-05,4.175e-05,6.625e-05
grid,5,BFS,10,10,0,0,6.5,5.25,7.75,4,4,5,20,16,21,11,10.25,11.75,7.8e-05,5.775e-05,8.65e-05
grid,5,DFS,10,10,0,0,30.5,14.75,40.25,12.5,7.25,15.5,12.5,7.25,15.5,14,11.25,15.5,5.15e-05,4.275e-05,5.475e-05
grid,5,IDS,10,10,0,0,6.5,5.25,7.75,4,4,5,40,22.5,54,5,5,6,0.000184,0.00010325,0.0002635
grid,5,UCS,10,10,0,0,6,4.25,6.75,5,4,6,15.5,10.75,17.75,12.5,12,13.75,6.55e-05,5.575e-05,7.875e-05
grid,8,A*+3xmanhattan,10,10,0,0,13,12.25,13.75,9,8.25,9.75,9,8.25,11.25,16.5,13.5,18,6.3e-05,5.65e-05,9.475e-05
grid,8,A*+8xmanhattan,10,10,0,0,13,12.25,17.5,9,8.25,9.75,9,8.25,10.5,16.5,13.5,18,6.1e-05,5.575e-05,7.45e-05
grid,8,A*+manhattan,10,10,0,0,11,9.25,13.75,9,8.25,9.75,25,16.25,33,20.5,18.25,22.5,0.000157,0.00010025,0.000212
grid,8,BFS,10,10,0,0,16.5,15,26.5,9,8.25,9.75,58.5,52.25,59,18,15,18.75,0.0002095,0.00018825,0.00021475
grid,8,DFS,10,10,0,0,86.5,73,98.5,37,34.75,39.5,37,34.75,39.5,37,34.75,43,0.000128,0.000117,0.0001305
grid,8,IDS,10,10,0,0,16.5,15,26.5,9,8.25,9.75,4623,1609,7472.5,10,9.25,10.75,0.018995,0.006669,0.0321523
grid,8,UCS,10,10,0,0,11,9.25,13.75,9,8.25,9.75,51,38.75,54.5,31,27.25,36,0.000227,0.00016825,0.0002425
grid,12,A*+3xmanhattan,10,10,0,0,13,11.25,15.5,10.5,7.5,11.75,11.5,8.5,12.75,18.5,14.75,21,7.95e-05,5.825e-05,9.05e-05
grid,12,A*+8xmanhattan,10,10,0,0,15,12,19.5,10.5,7.5,11.75,10.5,7.5,11.75,18.5,14,21.75,7.25e-05,5.125e-05,8.425e-05
grid,12,A*+manhattan,10,10,0,0,12.5,11,13.75,10.5,7.5,11.75,26,19,30.5,24,21.25,31.5,0.0001665,0.0001335,0.0001945
grid,12,BFS,10,10,0,0,24,12.25,30.5,10.5,7.5,11.75,117,96.75,120.75,30,29.25,37,0.0004235,0.0003675,0.00044675
grid,12,DFS,10,10,0,0,183.5,131.5,227,76.5,51.5,93.75,76.5,51.5,93.75,84.5,61.5,100.25,0.0002665,0.000181,0.0003405
grid,12,IDS,10,10,0,0,24,12.25,30.5,10.5,7.5,11.75,34843.5,3135,111636,11.5,8.5,12.75,0.146408,0.0134992,0.473544
grid,12,UCS,10,10,0,0,12.5,11,13.75,10.5,7.5,11.75,84,74,93.75,51,49,58,0.0003845,0.00034225,0.00042625
grid,16,A*+3xmanhattan,10,10,0,0,22,20.25,24.75,16.5,13.5,18,17.5,16,18.75,28,25.25,33,0.000127,0.00010725,0.0001515
grid,16,A*+8xmanhattan,10,10,0,0,23,20.5,27.25,16.5,13.5,18,16.5,14.25,18,28,24.5,33,0.0001125,9.575e-05,0.00012675
grid,16,A*+manhattan,10,10,0,0,19.5,18.25,23.5,17,13.5,18.75,65,46.5,72.75,41,35.75,52.75,0.00042,0.00029125,0.000563
grid,16,BFS,10,10,0,0,32,28,43.75,16.5,13.5,18,207.5,196.5,220,38,34.5,41.5,0.000788,0.000755,0.00084075
grid,16,DFS,10,10,0,0,321,307.25,370.5,137.5,119.25,159.5,137.5,119.25,159.5,147.5,130,167.75,0.0004775,0.000438,0.00055825
grid,16,IDS,10,5,5,0,28,27,28,13,12,15,639565,253542,2.08834e+06,14,13,16,2.86716,1.125,9.08005
grid,16,UCS,10,10,0,0,19.5,18.25,23.5,17,13.5,18.75,177,155.75,204.5,86.5,81,89.25,0.00088,0.000732,0.0009935
puzzle,4,A*+3xmanhattan,10,10,0,0,4,4,4,4,4,4,4,4,4,6,6,6,3.7e-05,3.7e-05,3.8e-05
puzzle,4,A*+manhattan,10,10,0,0,4,4,4,4,4,4,4,4,4,6,6,6,3.8e-05,3.7e-05,4.075e-05
puzzle,4,A*+misplaced,10,10,0,0,4,4,4,4,4,4,4,4,4,6,6,6,3.2e-05,3e-05,3.8e-05
puzzle,4,BFS,10,10,0,0,4,4,4,4,4,4,27,22.5,28,18,18,18,5.8e-05,5.625e-05,6.075e-05
puzzle,4,DFS,10,10,0,0,276,38,548,276,38,548,276,38,548,225.5,35.25,444,0.000655,9.15e-05,0.00135975
puzzle,4,IDS,10,10,0,0,4,4,4,4,4,4,24,20,24,5,5,5,7.55e-05,6.625e-05,8.825e-05
puzzle,4,UCS,10,10,0,0,4,4,4,4,4,4,27,22.5,28,18,18,18,6.9e-05,6.075e-05,7.375e-05
puzzle,8,A*+3xmanhattan,10,10,0,0,8,8,8,8,8,8,10.5,8.5,13.5,11,10,13.5,7.9e-05,6.675e-05,9.85e-05
puzzle,8,A*+manhattan,10,10,0,0,8,8,8,8,8,8,11.5,10.25,12,12,11,12,8.9e-05,7.7e-05,0.00011325
puzzle,8,A*+misplaced,10,10,0,0,8,8,8,8,8,8,17,15,22.5,16,15,18.25,0.000104,9.25e-05,0.00012025
puzzle,8,BFS,10,10,0,0,8,8,8,8,8,8,227,205,272,143,139,180.5,0.0005135,0.0004555,0.000594
puzzle,8,DFS,10,10,0,0,35146,2795,51708.5,35146,2795,51708.5,35984,2814.25,53537,28190,2256.75,41131.2,0.104713,0.00684725,0.156345
puzzle,8,IDS,10,10,0,0,8,8,8,8,8,8,301.5,270,387.75,9,9,9,0.0007915,0.00060475,0.00089575
puzzle,8,UCS,10,10,0,0,8,8,8,8,8,8,227,205,272,143,139,180.5,0.00062,0.000558,0.00088975
puzzle,12,A*+3xmanhattan,10,10,0,0,12,12,12,12,12,12,35.5,22,47.25,26.5,19.25,34.5,0.0002355,0.000188,0.0003055
puzzle,12,A*+manhattan,10,10,0,0,12,12,12,12,12,12,39.5,27.25,46.5,27.5,20.5,33.5,0.000294,0.000191,0.000334
puzzle,12,A*+misplaced,10,10,0,0,12,12,12,12,12,12,103,86.5,106.5,73,63,75,0.0005645,0.00052425,0.00060075
puzzle,12,BFS,10,10,0,0,12,12,12,12,12,12,1398.5,1264.5,1732.5,895.5,839.5,1056,0.0032425,0.00314225,0.0041815
puzzle,12,DFS,10,10,0,0,32793,23300,47848,32793,23300,47848,33556.5,23678.8,49372,26346,18766.5,38209.2,0.096752,0.0668625,0.144209
puzzle,12,IDS,10,10,0,0,12,12,12,12,12,12,2554.5,2284.5,3271.25,13,13,13,0.005376,0.0049065,0.0069265
puzzle,12,UCS,10,10,0,0,12,12,12,12,12,12,1398.5,1264.5,1732.5,895.5,839.5,1056,0.004694,0.00405725,0.00540825
puzzle,16,A*+3xmanhattan,10,10,0,0,18,16,19.5,18,16,19.5,160,101.25,226.75,107,71.25,134,0.0010785,0.000696,0.00148825
puzzle,16,A*+manhattan,10,10,0,0,16,16,16,16,16,16,128.5,103.25,164.5,85.5,71.75,108.75,0.0009185,0.00073875,0.00118025
puzzle,16,A*+misplaced,10,10,0,0,16,16,16,16,16,16,551,519.25,626.75,349.5,312.75,388.75,0.0031755,0.00280675,0.00339025
puzzle,16,BFS,10,10,0,0,16,16,16,16,16,16,9441.5,8486,10056.5,5652.5,5230.5,5864.25,0.0244375,0.022751,0.0253753
puzzle,16,DFS,10,10,0,0,24835,9257.5,42584,24835,9257.5,42584,25284,9355.5,43813.2,20019,7467,34048.8,0.068557,0.0248135,0.120237
puzzle,16,IDS,10,10,0,0,16,16,16,16,16,16,25174,21466.5,26216.2,17,17,17,0.055416,0.048729,0.0598542
puzzle,16,UCS,10,10,0,0,16,16,16,16,16,16,9441.5,8486,10056.5,5652.5,5230.5,5864.25,0.0325035,0.0289588,0.0391755
